{"cameraMode":{"drawMode":0,"name":"Shaded","section":"Shading Mode"},"sceneLighting":true,"audioPlay":false,"sceneViewState":{"m_AlwaysRefresh":false,"showFog":true,"showSkybox":true,"showFlares":true,"showImageEffects":true,"showParticleSystems":true,"showVisualEffectGraphs":true,"m_FxEnabled":true},"in2DMode":false,"pivot":{"x":401.58905029296877,"y":126.59135437011719,"z":-258.07012939453127},"rotation":{"x":-0.009515272453427315,"y":-0.3578675091266632,"z":-0.0036466638557612898,"w":0.9337100386619568},"size":83.02200317382813,"orthographic":false}